/* Data for the table regions */

INSERT INTO hr.regions (region_id, region_name) VALUES (1, 'Europe');
INSERT INTO hr.regions (region_id, region_name) VALUES (2, 'Americas');
INSERT INTO hr.regions (region_id, region_name) VALUES (3, 'Asia');
INSERT INTO hr.regions (region_id, region_name) VALUES (4, 'Middle East and Africa');

/* Data for the table countries */

INSERT INTO hr.countries (country_id, country_name, region_id) VALUES ('AR', 'Argentina', 2);
INSERT INTO hr.countries (country_id, country_name, region_id) VALUES ('BE', 'Belgium', 1);
INSERT INTO hr.countries (country_id, country_name, region_id) VALUES ('BR', 'Brazil', 2);
INSERT INTO hr.countries (country_id, country_name, region_id) VALUES ('CA', 'Canada', 2);
INSERT INTO hr.countries (country_id, country_name, region_id) VALUES ('CH', 'Switzerland', 1);
INSERT INTO hr.countries (country_id, country_name, region_id) VALUES ('CN', 'China', 3);
INSERT INTO hr.countries (country_id, country_name, region_id) VALUES ('DE', 'Germany', 1);
INSERT INTO hr.countries (country_id, country_name, region_id) VALUES ('DK', 'Denmark', 1);
INSERT INTO hr.countries (country_id, country_name, region_id) VALUES ('EG', 'Egypt', 4);
INSERT INTO hr.countries (country_id, country_name, region_id) VALUES ('FR', 'France', 1);
INSERT INTO hr.countries (country_id, country_name, region_id) VALUES ('HK', 'HongKong', 3);
INSERT INTO hr.countries (country_id, country_name, region_id) VALUES ('IL', 'Israel', 4);
INSERT INTO hr.countries (country_id, country_name, region_id) VALUES ('IN', 'India', 3);
INSERT INTO hr.countries (country_id, country_name, region_id) VALUES ('IT', 'Italy', 1);
INSERT INTO hr.countries (country_id, country_name, region_id) VALUES ('JP', 'Japan', 3);
INSERT INTO hr.countries (country_id, country_name, region_id) VALUES ('KW', 'Kuwait', 4);
INSERT INTO hr.countries (country_id, country_name, region_id) VALUES ('MX', 'Mexico', 2);
INSERT INTO hr.countries (country_id, country_name, region_id) VALUES ('NG', 'Nigeria', 4);
INSERT INTO hr.countries (country_id, country_name, region_id) VALUES ('NL', 'Netherlands', 1);
INSERT INTO hr.countries (country_id, country_name, region_id) VALUES ('SG', 'Singapore', 3);
INSERT INTO hr.countries (country_id, country_name, region_id) VALUES ('UK', 'United Kingdom', 1);
INSERT INTO hr.countries (country_id, country_name, region_id) VALUES ('US', 'United States of America', 2);
INSERT INTO hr.countries (country_id, country_name, region_id) VALUES ('ZM', 'Zambia', 4);
INSERT INTO hr.countries (country_id, country_name, region_id) VALUES ('ZW', 'Zimbabwe', 4);
INSERT INTO hr.countries (country_id, country_name, region_id) VALUES ('SP', 'Spain', 1);
INSERT INTO hr.countries (country_id, country_name, region_id) VALUES ('SW', 'Sweden', 1);
INSERT INTO hr.countries (country_id, country_name, region_id) VALUES ('VZ', 'Venezuela', 2);
INSERT INTO hr.countries (country_id, country_name, region_id) VALUES ('PO', 'Portugal', 1);
INSERT INTO hr.countries (country_id, country_name, region_id) VALUES ('IR', 'Ireland', 1);
INSERT INTO hr.countries (country_id, country_name, region_id) VALUES ('FI', 'Finland', 1);
INSERT INTO hr.countries (country_id, country_name, region_id) VALUES ('PL', 'Poland', 1);
INSERT INTO hr.countries (country_id, country_name, region_id) VALUES ('NW', 'Norway', 1);
INSERT INTO hr.countries (country_id, country_name, region_id) VALUES ('AU', 'Australia', 1);
INSERT INTO hr.countries (country_id, country_name, region_id) VALUES ('AT', 'Austria', 1);

/* Data for the table locations */

INSERT INTO hr.locations (location_id, street_address, postal_code, city, state_province, country_id) VALUES (1400, '2014 Jabberwocky Rd', '26192', 'Southlake', 'Texas', 'US');
INSERT INTO hr.locations (location_id, street_address, postal_code, city, state_province, country_id) VALUES (1500, '2011 Interiors Blvd', '99236', 'South San Francisco', 'California', 'US');
INSERT INTO hr.locations (location_id, street_address, postal_code, city, state_province, country_id) VALUES (1700, '2004 Charade Rd', '98199', 'Seattle', 'Washington', 'US');
INSERT INTO hr.locations (location_id, street_address, postal_code, city, state_province, country_id) VALUES (1800, '147 Spadina Ave', 'M5V 2L7', 'Toronto', 'Ontario', 'CA');
INSERT INTO hr.locations (location_id, street_address, postal_code, city, state_province, country_id) VALUES (2400, '8204 Arthur St', NULL, 'London', NULL, 'UK');
INSERT INTO hr.locations (location_id, street_address, postal_code, city, state_province, country_id) VALUES (2500, 'Magdalen Centre, The Oxford Science Park', 'OX9 9ZB', 'Oxford', 'Oxford', 'UK');
INSERT INTO hr.locations (location_id, street_address, postal_code, city, state_province, country_id) VALUES (2700, 'Schwanthalerstr. 7031', '80925', 'Munich', 'Bavaria', 'DE');
INSERT INTO hr.locations (location_id, street_address, postal_code, city, state_province, country_id) VALUES (3127, '87 Polk St. Suite 5', '94117', 'San Francisco', 'CA', 'US');
INSERT INTO hr.locations (location_id, street_address, postal_code, city, state_province, country_id) VALUES (3128, '507 - 20th Ave. E.\nApt. 2A', '98122', 'Seattle', 'WA', 'US');
INSERT INTO hr.locations (location_id, street_address, postal_code, city, state_province, country_id) VALUES (3129, '55 Grizzly Peak Rd.', '59801', 'Butte', 'MT', 'US');
INSERT INTO hr.locations (location_id, street_address, postal_code, city, state_province, country_id) VALUES (3130, '707 Oxford Rd.', '48104', 'Ann Arbor', 'MI', 'US');
INSERT INTO hr.locations (location_id, street_address, postal_code, city, state_province, country_id) VALUES (3131, '1029 - 12th Ave. S.', '98124', 'Seattle', 'WA', 'US');
INSERT INTO hr.locations (location_id, street_address, postal_code, city, state_province, country_id) VALUES (3135, 'Carrera 52 con Ave. Bolívar #65-98 Llano Largo', '3508', 'Barquisimeto', 'Lara', 'VZ');
INSERT INTO hr.locations (location_id, street_address, postal_code, city, state_province, country_id) VALUES (3029, 'Torikatu 38', '90110', 'Oulu', NULL, 'FI');
INSERT INTO hr.locations (location_id, street_address, postal_code, city, state_province, country_id) VALUES (3030, 'Keskuskatu 45', '21240', 'Helsinki', NULL, 'FI');
INSERT INTO hr.locations (location_id, street_address, postal_code, city, state_province, country_id) VALUES (3031, 'Valtakatu 12', '53120', 'Lappeenranta', NULL, 'FI');
INSERT INTO hr.locations (location_id, street_address, postal_code, city, state_province, country_id) VALUES (3006, 'Kirchgasse 6', '8010', 'Graz', NULL, 'AT');
INSERT INTO hr.locations (location_id, street_address, postal_code, city, state_province, country_id) VALUES (3007, 'Geislweg 14', '5020', 'Salzburg', NULL, 'AT');
INSERT INTO hr.locations (location_id, street_address, postal_code, city, state_province, country_id) VALUES (3001, 'Av. del Libertador 900', '1010', 'Buenos Aires', NULL, 'AR');
INSERT INTO hr.locations (location_id, street_address, postal_code, city, state_province, country_id) VALUES (3002, 'Cerrito 333', '1010', 'Buenos Aires', NULL, 'AR');
INSERT INTO hr.locations (location_id, street_address, postal_code, city, state_province, country_id) VALUES (3003, 'Ing. Gustavo Moncada 8585 Piso 20-A', '1010', 'Buenos Aires', NULL, 'AR');
INSERT INTO hr.locations (location_id, street_address, postal_code, city, state_province, country_id) VALUES (3004, '170 Prince Edward Parade Hunter''s Hill', '2042', 'Sydney', 'NSW', 'AU');
INSERT INTO hr.locations (location_id, street_address, postal_code, city, state_province, country_id) VALUES (3005, '74 Rose St. Moonie Ponds', '3058', 'Melbourne', 'Victoria', 'AU');
INSERT INTO hr.locations (location_id, street_address, postal_code, city, state_province, country_id) VALUES (3008, 'Boulevard Tirou, 255', 'B-6000', 'Charleroi', NULL, 'BE');
INSERT INTO hr.locations (location_id, street_address, postal_code, city, state_province, country_id) VALUES (3009, 'Rue Joseph-Bens 532', 'B-1180', 'Bruxelles', NULL, 'BE');
INSERT INTO hr.locations (location_id, street_address, postal_code, city, state_province, country_id) VALUES (3010, 'Alameda dos Canàrios, 891', '05487-020', 'Sao Paulo', 'SP', 'BR');
INSERT INTO hr.locations (location_id, street_address, postal_code, city, state_province, country_id) VALUES (3011, 'Av. das Americanas 12.890', '5442', 'Sao Paulo', NULL, 'BR');
INSERT INTO hr.locations (location_id, street_address, postal_code, city, state_province, country_id) VALUES (3012, 'Av. Brasil, 442', '04876-786', 'Campinas', 'SP', 'BR');
INSERT INTO hr.locations (location_id, street_address, postal_code, city, state_province, country_id) VALUES (3013, 'Rua do Paço, 67', '05454-876', 'Rio de Janeiro', 'RJ', 'BR');
INSERT INTO hr.locations (location_id, street_address, postal_code, city, state_province, country_id) VALUES (3014, 'Rua do Mercado, 12', '08737-363', 'Resende', 'SP', 'BR');
INSERT INTO hr.locations (location_id, street_address, postal_code, city, state_province, country_id) VALUES (3015, 'Av. dos Lusíadas, 23', '05432-043', 'Sao Paulo', 'SP', 'BR');
INSERT INTO hr.locations (location_id, street_address, postal_code, city, state_province, country_id) VALUES (3016, 'Rua Orós, 92', '05442-030', 'Sao Paulo', 'SP', 'BR');
INSERT INTO hr.locations (location_id, street_address, postal_code, city, state_province, country_id) VALUES (3017, 'Av. Inês de Castro, 414', '05634-030', 'Sao Paulo', 'SP', 'BR');
INSERT INTO hr.locations (location_id, street_address, postal_code, city, state_province, country_id) VALUES (3018, 'Rua da Panificadora, 12', '02389-673', 'Rio de Janeiro', 'RJ', 'BR');
INSERT INTO hr.locations (location_id, street_address, postal_code, city, state_province, country_id) VALUES (3019, 'Av. Copacabana, 267', '02389-890', 'Rio de Janeiro', 'RJ', 'BR');
INSERT INTO hr.locations (location_id, street_address, postal_code, city, state_province, country_id) VALUES (3020, '43 rue St. Laurent', 'H1J 1C3', 'Montréal', 'Québec', 'CA');
INSERT INTO hr.locations (location_id, street_address, postal_code, city, state_province, country_id) VALUES (3021, '23 Tsawassen Blvd.', 'T2F 8M4', 'Tsawassen', 'BC', 'CA');
INSERT INTO hr.locations (location_id, street_address, postal_code, city, state_province, country_id) VALUES (3022, '148 rue Chasseur', 'J2S 7S8', 'Ste-Hyacinthe', 'Québec', 'CA');
INSERT INTO hr.locations (location_id, street_address, postal_code, city, state_province, country_id) VALUES (3023, '2319 Elm St.', 'V3F 2K1', 'Vancouver', 'BC', 'CA');
INSERT INTO hr.locations (location_id, street_address, postal_code, city, state_province, country_id) VALUES (3024, '2960 Rue St. Laurent', 'H1J 1C3', 'Montréal', 'Québec', 'CA');
INSERT INTO hr.locations (location_id, street_address, postal_code, city, state_province, country_id) VALUES (3025, '1900 Oak St.', 'V3F 2K1', 'Vancouver', 'BC', 'CA');
INSERT INTO hr.locations (location_id, street_address, postal_code, city, state_province, country_id) VALUES (3026, 'Vinbæltet 34', '1734', 'Kobenhavn', NULL, 'DK');
INSERT INTO hr.locations (location_id, street_address, postal_code, city, state_province, country_id) VALUES (3027, 'Smagsloget 45', '8200', 'Århus', NULL, 'DK');
INSERT INTO hr.locations (location_id, street_address, postal_code, city, state_province, country_id) VALUES (3028, 'Lyngbysild Fiskebakken 10', '2800', 'Lyngby', NULL, 'DK');
INSERT INTO hr.locations (location_id, street_address, postal_code, city, state_province, country_id) VALUES (3032, '24, place Kléber', '67000', 'Strasbourg', NULL, 'FR');
INSERT INTO hr.locations (location_id, street_address, postal_code, city, state_province, country_id) VALUES (3033, '67, rue des Cinquante Otages', '44000', 'Nantes', NULL, 'FR');
INSERT INTO hr.locations (location_id, street_address, postal_code, city, state_province, country_id) VALUES (3034, '22, rue H. Voiron', '71300', 'Montceau', NULL, 'FR');
INSERT INTO hr.locations (location_id, street_address, postal_code, city, state_province, country_id) VALUES (3035, 'Bat. B 3, rue des Alpes', '74000', 'Annecy', NULL, 'FR');
INSERT INTO hr.locations (location_id, street_address, postal_code, city, state_province, country_id) VALUES (3036, '59 rue de l''Abbaye', '51100', 'Reims', NULL, 'FR');
INSERT INTO hr.locations (location_id, street_address, postal_code, city, state_province, country_id) VALUES (3037, '184, chaussée de Tournai', '59000', 'Lille', NULL, 'FR');
INSERT INTO hr.locations (location_id, street_address, postal_code, city, state_province, country_id) VALUES (3038, '1 rue Alsace-Lorraine', '31000', 'Toulouse', NULL, 'FR');
INSERT INTO hr.locations (location_id, street_address, postal_code, city, state_province, country_id) VALUES (3039, '25, rue Lauriston', '75016', 'Paris', NULL, 'FR');
INSERT INTO hr.locations (location_id, street_address, postal_code, city, state_province, country_id) VALUES (3040, '203, Rue des Francs-Bourgeois', '75004', 'Paris', NULL, 'FR');
INSERT INTO hr.locations (location_id, street_address, postal_code, city, state_province, country_id) VALUES (3041, '67, avenue de l''Europe', '78000', 'Versailles', NULL, 'FR');
INSERT INTO hr.locations (location_id, street_address, postal_code, city, state_province, country_id) VALUES (3042, '54, rue Royale', '44000', 'Nantes', NULL, 'FR');
INSERT INTO hr.locations (location_id, street_address, postal_code, city, state_province, country_id) VALUES (3043, '12, rue des Bouchers', '13008', 'Marseille', NULL, 'FR');
INSERT INTO hr.locations (location_id, street_address, postal_code, city, state_province, country_id) VALUES (3044, '265, boulevard Charonne', '75012', 'Paris', NULL, 'FR');
INSERT INTO hr.locations (location_id, street_address, postal_code, city, state_province, country_id) VALUES (3045, '2, rue du Commerce', '69004', 'Lyon', NULL, 'FR');
INSERT INTO hr.locations (location_id, street_address, postal_code, city, state_province, country_id) VALUES (3046, 'Walserweg 21', '52066', 'Aachen', NULL, 'DE');
INSERT INTO hr.locations (location_id, street_address, postal_code, city, state_province, country_id) VALUES (3047, 'Obere Str. 57', '12209', 'Berlin', NULL, 'DE');
INSERT INTO hr.locations (location_id, street_address, postal_code, city, state_province, country_id) VALUES (3048, 'Magazinweg 7', '60528', 'Frankfurt a.M.', NULL, 'DE');
INSERT INTO hr.locations (location_id, street_address, postal_code, city, state_province, country_id) VALUES (3049, 'Bogenallee 51', '60439', 'Frankfurt', NULL, 'DE');
INSERT INTO hr.locations (location_id, street_address, postal_code, city, state_province, country_id) VALUES (3050, 'Mehrheimerstr. 369', '50739', 'Köln', NULL, 'DE');
INSERT INTO hr.locations (location_id, street_address, postal_code, city, state_province, country_id) VALUES (3051, 'Luisenstr. 48', '44087', 'Münster', NULL, 'DE');
INSERT INTO hr.locations (location_id, street_address, postal_code, city, state_province, country_id) VALUES (3052, 'Berliner Platz 43', '80805', 'München', NULL, 'DE');
INSERT INTO hr.locations (location_id, street_address, postal_code, city, state_province, country_id) VALUES (3053, 'Adenauerallee 900', '70563', 'Stuttgart', NULL, 'DE');
INSERT INTO hr.locations (location_id, street_address, postal_code, city, state_province, country_id) VALUES (3054, 'Forsterstr. 57', '68306', 'Mannheim', NULL, 'DE');
INSERT INTO hr.locations (location_id, street_address, postal_code, city, state_province, country_id) VALUES (3055, 'Frahmredder 112a', '27478', 'Cuxhaven', NULL, 'DE');
INSERT INTO hr.locations (location_id, street_address, postal_code, city, state_province, country_id) VALUES (3056, 'Heerstr. 22', '04179', 'Leipzig', NULL, 'DE');
INSERT INTO hr.locations (location_id, street_address, postal_code, city, state_province, country_id) VALUES (3057, 'Taucherstraße 10', '01307', 'Cunewalde', NULL, 'DE');
INSERT INTO hr.locations (location_id, street_address, postal_code, city, state_province, country_id) VALUES (3058, 'Maubelstr. 90', '14776', 'Brandenburg', NULL, 'DE');
INSERT INTO hr.locations (location_id, street_address, postal_code, city, state_province, country_id) VALUES (3059, 'Tiergartenstraße 5', '10785', 'Berlin', NULL, 'DE');
INSERT INTO hr.locations (location_id, street_address, postal_code, city, state_province, country_id) VALUES (3061, 'Viale Dante, 75', '48100', 'Ravenna', NULL, 'IT');
INSERT INTO hr.locations (location_id, street_address, postal_code, city, state_province, country_id) VALUES (3062, 'Via Ludovico il Moro 22', '24100', 'Bergamo', NULL, 'IT');
INSERT INTO hr.locations (location_id, street_address, postal_code, city, state_province, country_id) VALUES (3063, 'Via dei Gelsomini, 153', '84100', 'Salerno', NULL, 'IT');
INSERT INTO hr.locations (location_id, street_address, postal_code, city, state_province, country_id) VALUES (3064, 'Strada Provinciale 124', '42100', 'Reggio Emilia', NULL, 'IT');
INSERT INTO hr.locations (location_id, street_address, postal_code, city, state_province, country_id) VALUES (3065, 'Via Monte Bianco 34', '10100', 'Torino', NULL, 'IT');
INSERT INTO hr.locations (location_id, street_address, postal_code, city, state_province, country_id) VALUES (3066, '92 Setsuko Chuo-ku', '545', 'Osaka', NULL, 'JP');
INSERT INTO hr.locations (location_id, street_address, postal_code, city, state_province, country_id) VALUES (3067, '9-8 Sekimai Musashino-shi', '100', 'Tokyo', NULL, 'JP');
INSERT INTO hr.locations (location_id, street_address, postal_code, city, state_province, country_id) VALUES (3068, 'Avda. de la Constitución 2222', '05021', 'México D.F.', NULL, 'MX');
INSERT INTO hr.locations (location_id, street_address, postal_code, city, state_province, country_id) VALUES (3069, 'Mataderos  2312', '05023', 'México D.F.', NULL, 'MX');
INSERT INTO hr.locations (location_id, street_address, postal_code, city, state_province, country_id) VALUES (3070, 'Sierras de Granada 9993', '05022', 'México D.F.', NULL, 'MX');
INSERT INTO hr.locations (location_id, street_address, postal_code, city, state_province, country_id) VALUES (3071, 'Avda. Azteca 123', '05033', 'México D.F.', NULL, 'MX');
INSERT INTO hr.locations (location_id, street_address, postal_code, city, state_province, country_id) VALUES (3072, 'Calle Dr. Jorge Cash 321', '05033', 'México D.F.', NULL, 'MX');
INSERT INTO hr.locations (location_id, street_address, postal_code, city, state_province, country_id) VALUES (3073, 'Verkoop Rijnweg 22', '9999 ZZ', 'Zaandam', NULL, 'NL');
INSERT INTO hr.locations (location_id, street_address, postal_code, city, state_province, country_id) VALUES (3079, '471 Serangoon Loop, Suite #402', '0512', 'Singapore', NULL, 'SG');
INSERT INTO hr.locations (location_id, street_address, postal_code, city, state_province, country_id) VALUES (3091, 'Hauptstr. 31', '3012', 'Bern', NULL, 'CH');
INSERT INTO hr.locations (location_id, street_address, postal_code, city, state_province, country_id) VALUES (3092, 'Hauptstr. 29', '3012', 'Bern', NULL, 'CH');
INSERT INTO hr.locations (location_id, street_address, postal_code, city, state_province, country_id) VALUES (3093, 'Starenweg 5', '1204', 'Genève', NULL, 'CH');
INSERT INTO hr.locations (location_id, street_address, postal_code, city, state_province, country_id) VALUES (3094, 'Grenzacherweg 237', '1203', 'Genève', NULL, 'CH');
INSERT INTO hr.locations (location_id, street_address, postal_code, city, state_province, country_id) VALUES (3109, '187 Suffolk Ln.', '83720', 'Boise', 'ID', 'US');
INSERT INTO hr.locations (location_id, street_address, postal_code, city, state_province, country_id) VALUES (3110, '4110 Old Redmond Rd.', '98052', 'Redmond', 'WA', 'US');
INSERT INTO hr.locations (location_id, street_address, postal_code, city, state_province, country_id) VALUES (3111, '722 Moss Bay Blvd.', '98033', 'Kirkland', 'WA', 'US');
INSERT INTO hr.locations (location_id, street_address, postal_code, city, state_province, country_id) VALUES (3112, '89 Jefferson Way Suite 2', '97201', 'Portland', 'OR', 'US');
INSERT INTO hr.locations (location_id, street_address, postal_code, city, state_province, country_id) VALUES (3113, '2743 Bering St.', '99508', 'Anchorage', 'AK', 'US');
INSERT INTO hr.locations (location_id, street_address, postal_code, city, state_province, country_id) VALUES (3114, '12 Orchestra Terrace', '99362', 'Walla Walla', 'WA', 'US');
INSERT INTO hr.locations (location_id, street_address, postal_code, city, state_province, country_id) VALUES (3115, '2732 Baker Blvd.', '97403', 'Eugene', 'OR', 'US');
INSERT INTO hr.locations (location_id, street_address, postal_code, city, state_province, country_id) VALUES (3116, '305 - 14th Ave. S. Suite 3B', '98128', 'Seattle', 'WA', 'US');
INSERT INTO hr.locations (location_id, street_address, postal_code, city, state_province, country_id) VALUES (3117, 'Order Processing Dept. 2100 Paul Revere Blvd.', '02134', 'Boston', 'MA', 'US');
INSERT INTO hr.locations (location_id, street_address, postal_code, city, state_province, country_id) VALUES (3118, '2817 Milton Dr.', '87110', 'Albuquerque', 'NM', 'US');
INSERT INTO hr.locations (location_id, street_address, postal_code, city, state_province, country_id) VALUES (3119, 'P.O. Box 78934', '70117', 'New Orleans', 'LA', 'US');
INSERT INTO hr.locations (location_id, street_address, postal_code, city, state_province, country_id) VALUES (3120, '89 Chiaroscuro Rd.', '97219', 'Portland', 'OR', 'US');
INSERT INTO hr.locations (location_id, street_address, postal_code, city, state_province, country_id) VALUES (3121, 'City Center Plaza 516 Main St.', '97827', 'Elgin', 'OR', 'US');
INSERT INTO hr.locations (location_id, street_address, postal_code, city, state_province, country_id) VALUES (3122, '4726 - 11th Ave. N.E.', '98105', 'Seattle', 'WA', 'US');
INSERT INTO hr.locations (location_id, street_address, postal_code, city, state_province, country_id) VALUES (3123, '908 W. Capital Way', '98401', 'Tacoma', 'WA', 'US');
INSERT INTO hr.locations (location_id, street_address, postal_code, city, state_province, country_id) VALUES (3124, 'P.O. Box 555', '82520', 'Lander', 'WY', 'US');
INSERT INTO hr.locations (location_id, street_address, postal_code, city, state_province, country_id) VALUES (3125, '3400 - 8th Avenue Suite 210', '97101', 'Bend', 'OR', 'US');
INSERT INTO hr.locations (location_id, street_address, postal_code, city, state_province, country_id) VALUES (3126, '722 DaVinci Blvd.', '98034', 'Kirkland', 'WA', 'US');
INSERT INTO hr.locations (location_id, street_address, postal_code, city, state_province, country_id) VALUES (3095, '90 Wadhurst Rd.', 'OX15 4NB', 'London', NULL, 'UK');
INSERT INTO hr.locations (location_id, street_address, postal_code, city, state_province, country_id) VALUES (3096, '35 King George', 'WX3 6FW', 'London', NULL, 'UK');
INSERT INTO hr.locations (location_id, street_address, postal_code, city, state_province, country_id) VALUES (3097, 'Garden House Crowther Way', 'PO31 7PJ', 'Cowes', 'Isle of Wight', 'UK');
INSERT INTO hr.locations (location_id, street_address, postal_code, city, state_province, country_id) VALUES (3098, '14 Garrett Hill', 'SW1 8JR', 'London', NULL, 'UK');
INSERT INTO hr.locations (location_id, street_address, postal_code, city, state_province, country_id) VALUES (3099, '7 Houndstooth Rd.', 'WG2 7LT', 'London', NULL, 'UK');
INSERT INTO hr.locations (location_id, street_address, postal_code, city, state_province, country_id) VALUES (3100, 'Fauntleroy Circus', 'EC2 5NT', 'London', NULL, 'UK');
INSERT INTO hr.locations (location_id, street_address, postal_code, city, state_province, country_id) VALUES (3101, '120 Hanover Sq.', 'WA1 1DP', 'London', NULL, 'UK');
INSERT INTO hr.locations (location_id, street_address, postal_code, city, state_province, country_id) VALUES (3102, 'Berkeley Gardens 12  Brewery', 'WX1 6LT', 'London', NULL, 'UK');
INSERT INTO hr.locations (location_id, street_address, postal_code, city, state_province, country_id) VALUES (3103, 'Edgeham Hollow\nWinchester Way', 'RG1 9SP', 'London', NULL, 'UK');
INSERT INTO hr.locations (location_id, street_address, postal_code, city, state_province, country_id) VALUES (3104, '29 King''s Way', 'M14 GSD', 'Manchester', NULL, 'UK');
INSERT INTO hr.locations (location_id, street_address, postal_code, city, state_province, country_id) VALUES (3105, 'South House 300 Queensbridge', 'SW7 1RZ', 'London', NULL, 'UK');
INSERT INTO hr.locations (location_id, street_address, postal_code, city, state_province, country_id) VALUES (3106, '49 Gilbert St.', 'EC1 4SD', 'London', NULL, 'UK');
INSERT INTO hr.locations (location_id, street_address, postal_code, city, state_province, country_id) VALUES (3107, 'Brook Farm Stratford St. Mary', 'CO7 6JX', 'Colchester', 'Essex', 'UK');
INSERT INTO hr.locations (location_id, street_address, postal_code, city, state_province, country_id) VALUES (3108, 'Coventry House\nMiner Rd.', 'EC2 7JR', 'London', NULL, 'UK');
INSERT INTO hr.locations (location_id, street_address, postal_code, city, state_province, country_id) VALUES (3060, '8 Johnstown Road', NULL, 'Cork', 'Co. Cork', 'IR');
INSERT INTO hr.locations (location_id, street_address, postal_code, city, state_province, country_id) VALUES (3074, 'Hatlevegen 5', '1320', 'Sandvika', NULL, 'NW');
INSERT INTO hr.locations (location_id, street_address, postal_code, city, state_province, country_id) VALUES (3075, 'Erling Skakkes gate 78', '4110', 'Stavern', NULL, 'NW');
INSERT INTO hr.locations (location_id, street_address, postal_code, city, state_province, country_id) VALUES (3076, 'ul. Filtrowa 68', '01-012', 'Warszawa', NULL, 'PL');
INSERT INTO hr.locations (location_id, street_address, postal_code, city, state_province, country_id) VALUES (3077, 'Estrada da saúde n. 58', '1756', 'Lisboa', NULL, 'PO');
INSERT INTO hr.locations (location_id, street_address, postal_code, city, state_province, country_id) VALUES (3078, 'Jardim das rosas n. 32', '1675', 'Lisboa', NULL, 'PO');
INSERT INTO hr.locations (location_id, street_address, postal_code, city, state_province, country_id) VALUES (3080, 'C/ Araquil, 67', '28023', 'Madrid', NULL, 'SP');
INSERT INTO hr.locations (location_id, street_address, postal_code, city, state_province, country_id) VALUES (3081, 'C/ Moralzarzal, 86', '28034', 'Madrid', NULL, 'SP');
INSERT INTO hr.locations (location_id, street_address, postal_code, city, state_province, country_id) VALUES (3082, 'Gran Vía, 1', '28001', 'Madrid', NULL, 'SP');
INSERT INTO hr.locations (location_id, street_address, postal_code, city, state_province, country_id) VALUES (3083, 'Calle del Rosal 4', '33007', 'Oviedo', 'Asturias', 'SP');
INSERT INTO hr.locations (location_id, street_address, postal_code, city, state_province, country_id) VALUES (3084, 'Rambla de Cataluña, 23', '8022', 'Barcelona', NULL, 'SP');
INSERT INTO hr.locations (location_id, street_address, postal_code, city, state_province, country_id) VALUES (3085, 'Rambla de Cataluña, 23', '08022', 'Barcelona', NULL, 'SP');
INSERT INTO hr.locations (location_id, street_address, postal_code, city, state_province, country_id) VALUES (3086, 'C/ Romero, 33', '41101', 'Sevilla', NULL, 'SP');
INSERT INTO hr.locations (location_id, street_address, postal_code, city, state_province, country_id) VALUES (3087, 'Kaloadagatan 13', 'S-345 67', 'Göteborg', NULL, 'SW');
INSERT INTO hr.locations (location_id, street_address, postal_code, city, state_province, country_id) VALUES (3088, 'Brovallavägen 231', 'S-123 45', 'Stockholm', NULL, 'SW');
INSERT INTO hr.locations (location_id, street_address, postal_code, city, state_province, country_id) VALUES (3089, 'Åkergatan 24', 'S-844 67', 'Bräcke', NULL, 'SW');
INSERT INTO hr.locations (location_id, street_address, postal_code, city, state_province, country_id) VALUES (3090, 'Berguvsvägen  8', 'S-958 22', 'Luleå', NULL, 'SW');
INSERT INTO hr.locations (location_id, street_address, postal_code, city, state_province, country_id) VALUES (3132, 'Carrera 22 con Ave. Carlos Soublette #8-35', '5022', 'San Cristóbal', 'Táchira', 'VZ');
INSERT INTO hr.locations (location_id, street_address, postal_code, city, state_province, country_id) VALUES (3133, '5ª Ave. Los Palos Grandes', '1081', 'Caracas', 'DF', 'VZ');
INSERT INTO hr.locations (location_id, street_address, postal_code, city, state_province, country_id) VALUES (3134, 'Ave. 5 de Mayo Porlamar', '4980', 'I. de Margarita', 'Nueva Esparta', 'VZ');

/* Data for the table departments */

INSERT INTO hr.departments (department_id, department_name, location_id) VALUES (1, 'Administration', 1700);
INSERT INTO hr.departments (department_id, department_name, location_id) VALUES (2, 'Marketing', 1800);
INSERT INTO hr.departments (department_id, department_name, location_id) VALUES (3, 'Purchasing', 1700);
INSERT INTO hr.departments (department_id, department_name, location_id) VALUES (4, 'Human Resources', 2400);
INSERT INTO hr.departments (department_id, department_name, location_id) VALUES (5, 'Shipping', 1500);
INSERT INTO hr.departments (department_id, department_name, location_id) VALUES (6, 'IT', 1400);
INSERT INTO hr.departments (department_id, department_name, location_id) VALUES (7, 'Public Relations', 2700);
INSERT INTO hr.departments (department_id, department_name, location_id) VALUES (8, 'Sales', 2500);
INSERT INTO hr.departments (department_id, department_name, location_id) VALUES (9, 'Executive', 1700);
INSERT INTO hr.departments (department_id, department_name, location_id) VALUES (10, 'Finance', 1700);
INSERT INTO hr.departments (department_id, department_name, location_id) VALUES (11, 'Accounting', 1700);

/* Data for the table jobs */

INSERT INTO hr.jobs (job_id, job_title, min_salary, max_salary) VALUES (1, 'Public Accountant', 4200.00, 9000.00);
INSERT INTO hr.jobs (job_id, job_title, min_salary, max_salary) VALUES (2, 'Accounting Manager', 8200.00, 16000.00);
INSERT INTO hr.jobs (job_id, job_title, min_salary, max_salary) VALUES (3, 'Administration Assistant', 3000.00, 6000.00);
INSERT INTO hr.jobs (job_id, job_title, min_salary, max_salary) VALUES (4, 'President', 20000.00, 40000.00);
INSERT INTO hr.jobs (job_id, job_title, min_salary, max_salary) VALUES (5, 'Administration Vice President', 15000.00, 30000.00);
INSERT INTO hr.jobs (job_id, job_title, min_salary, max_salary) VALUES (6, 'Accountant', 4200.00, 9000.00);
INSERT INTO hr.jobs (job_id, job_title, min_salary, max_salary) VALUES (7, 'Finance Manager', 8200.00, 16000.00);
INSERT INTO hr.jobs (job_id, job_title, min_salary, max_salary) VALUES (8, 'Human Resources Representative', 4000.00, 9000.00);
INSERT INTO hr.jobs (job_id, job_title, min_salary, max_salary) VALUES (9, 'Programmer', 4000.00, 10000.00);
INSERT INTO hr.jobs (job_id, job_title, min_salary, max_salary) VALUES (10, 'Marketing Manager', 9000.00, 15000.00);
INSERT INTO hr.jobs (job_id, job_title, min_salary, max_salary) VALUES (11, 'Marketing Representative', 4000.00, 9000.00);
INSERT INTO hr.jobs (job_id, job_title, min_salary, max_salary) VALUES (12, 'Public Relations Representative', 4500.00, 10500.00);
INSERT INTO hr.jobs (job_id, job_title, min_salary, max_salary) VALUES (13, 'Purchasing Clerk', 2500.00, 5500.00);
INSERT INTO hr.jobs (job_id, job_title, min_salary, max_salary) VALUES (14, 'Purchasing Manager', 8000.00, 15000.00);
INSERT INTO hr.jobs (job_id, job_title, min_salary, max_salary) VALUES (15, 'Sales Manager', 10000.00, 20000.00);
INSERT INTO hr.jobs (job_id, job_title, min_salary, max_salary) VALUES (16, 'Sales Representative', 6000.00, 12000.00);
INSERT INTO hr.jobs (job_id, job_title, min_salary, max_salary) VALUES (17, 'Shipping Clerk', 2500.00, 5500.00);
INSERT INTO hr.jobs (job_id, job_title, min_salary, max_salary) VALUES (18, 'Stock Clerk', 2000.00, 5000.00);
INSERT INTO hr.jobs (job_id, job_title, min_salary, max_salary) VALUES (19, 'Stock Manager', 5500.00, 8500.00);

/* Data for the table employees */

INSERT INTO hr.employees (employee_id, first_name, last_name, email, phone_number, hire_date, job_id, salary, manager_id, department_id) VALUES (100, 'Steven', 'King', 'steven.king@sqltutorial.org', '515.123.4567', '1987-06-17', 4, 24000.00, NULL, 9);
INSERT INTO hr.employees (employee_id, first_name, last_name, email, phone_number, hire_date, job_id, salary, manager_id, department_id) VALUES (101, 'Neena', 'Kochhar', 'neena.kochhar@sqltutorial.org', '515.123.4568', '1989-09-21', 5, 17000.00, 100, 9);
INSERT INTO hr.employees (employee_id, first_name, last_name, email, phone_number, hire_date, job_id, salary, manager_id, department_id) VALUES (102, 'Lex', 'De Haan', 'lex.de haan@sqltutorial.org', '515.123.4569', '1993-01-13', 5, 17000.00, 100, 9);
INSERT INTO hr.employees (employee_id, first_name, last_name, email, phone_number, hire_date, job_id, salary, manager_id, department_id) VALUES (103, 'Alexander', 'Hunold', 'alexander.hunold@sqltutorial.org', '590.423.4567', '1990-01-03', 9, 9000.00, 102, 6);
INSERT INTO hr.employees (employee_id, first_name, last_name, email, phone_number, hire_date, job_id, salary, manager_id, department_id) VALUES (104, 'Bruce', 'Ernst', 'bruce.ernst@sqltutorial.org', '590.423.4568', '1991-05-21', 9, 6000.00, 103, 6);
INSERT INTO hr.employees (employee_id, first_name, last_name, email, phone_number, hire_date, job_id, salary, manager_id, department_id) VALUES (105, 'David', 'Austin', 'david.austin@sqltutorial.org', '590.423.4569', '1997-06-25', 9, 4800.00, 103, 6);
INSERT INTO hr.employees (employee_id, first_name, last_name, email, phone_number, hire_date, job_id, salary, manager_id, department_id) VALUES (106, 'Valli', 'Pataballa', 'valli.pataballa@sqltutorial.org', '590.423.4560', '1998-02-05', 9, 4800.00, 103, 6);
INSERT INTO hr.employees (employee_id, first_name, last_name, email, phone_number, hire_date, job_id, salary, manager_id, department_id) VALUES (107, 'Diana', 'Lorentz', 'diana.lorentz@sqltutorial.org', '590.423.5567', '1999-02-07', 9, 4200.00, 103, 6);
INSERT INTO hr.employees (employee_id, first_name, last_name, email, phone_number, hire_date, job_id, salary, manager_id, department_id) VALUES (108, 'Nancy', 'Greenberg', 'nancy.greenberg@sqltutorial.org', '515.124.4569', '1994-08-17', 7, 12000.00, 101, 10);
INSERT INTO hr.employees (employee_id, first_name, last_name, email, phone_number, hire_date, job_id, salary, manager_id, department_id) VALUES (109, 'Daniel', 'Faviet', 'daniel.faviet@sqltutorial.org', '515.124.4169', '1994-08-16', 6, 9000.00, 108, 10);
INSERT INTO hr.employees (employee_id, first_name, last_name, email, phone_number, hire_date, job_id, salary, manager_id, department_id) VALUES (110, 'John', 'Chen', 'john.chen@sqltutorial.org', '515.124.4269', '1997-09-28', 6, 8200.00, 108, 10);
INSERT INTO hr.employees (employee_id, first_name, last_name, email, phone_number, hire_date, job_id, salary, manager_id, department_id) VALUES (111, 'Ismael', 'Sciarra', 'ismael.sciarra@sqltutorial.org', '515.124.4369', '1997-09-30', 6, 7700.00, 108, 10);
INSERT INTO hr.employees (employee_id, first_name, last_name, email, phone_number, hire_date, job_id, salary, manager_id, department_id) VALUES (112, 'Jose Manuel', 'Urman', 'jose manuel.urman@sqltutorial.org', '515.124.4469', '1998-03-07', 6, 7800.00, 108, 10);
INSERT INTO hr.employees (employee_id, first_name, last_name, email, phone_number, hire_date, job_id, salary, manager_id, department_id) VALUES (113, 'Luis', 'Popp', 'luis.popp@sqltutorial.org', '515.124.4567', '1999-12-07', 6, 6900.00, 108, 10);
INSERT INTO hr.employees (employee_id, first_name, last_name, email, phone_number, hire_date, job_id, salary, manager_id, department_id) VALUES (114, 'Den', 'Raphaely', 'den.raphaely@sqltutorial.org', '515.127.4561', '1994-12-07', 14, 11000.00, 100, 3);
INSERT INTO hr.employees (employee_id, first_name, last_name, email, phone_number, hire_date, job_id, salary, manager_id, department_id) VALUES (115, 'Alexander', 'Khoo', 'alexander.khoo@sqltutorial.org', '515.127.4562', '1995-05-18', 13, 3100.00, 114, 3);
INSERT INTO hr.employees (employee_id, first_name, last_name, email, phone_number, hire_date, job_id, salary, manager_id, department_id) VALUES (116, 'Shelli', 'Baida', 'shelli.baida@sqltutorial.org', '515.127.4563', '1997-12-24', 13, 2900.00, 114, 3);
INSERT INTO hr.employees (employee_id, first_name, last_name, email, phone_number, hire_date, job_id, salary, manager_id, department_id) VALUES (117, 'Sigal', 'Tobias', 'sigal.tobias@sqltutorial.org', '515.127.4564', '1997-07-24', 13, 2800.00, 114, 3);
INSERT INTO hr.employees (employee_id, first_name, last_name, email, phone_number, hire_date, job_id, salary, manager_id, department_id) VALUES (118, 'Guy', 'Himuro', 'guy.himuro@sqltutorial.org', '515.127.4565', '1998-11-15', 13, 2600.00, 114, 3);
INSERT INTO hr.employees (employee_id, first_name, last_name, email, phone_number, hire_date, job_id, salary, manager_id, department_id) VALUES (119, 'Karen', 'Colmenares', 'karen.colmenares@sqltutorial.org', '515.127.4566', '1999-08-10', 13, 2500.00, 114, 3);
INSERT INTO hr.employees (employee_id, first_name, last_name, email, phone_number, hire_date, job_id, salary, manager_id, department_id) VALUES (120, 'Matthew', 'Weiss', 'matthew.weiss@sqltutorial.org', '650.123.1234', '1996-07-18', 19, 8000.00, 100, 5);
INSERT INTO hr.employees (employee_id, first_name, last_name, email, phone_number, hire_date, job_id, salary, manager_id, department_id) VALUES (121, 'Adam', 'Fripp', 'adam.fripp@sqltutorial.org', '650.123.2234', '1997-04-10', 19, 8200.00, 100, 5);
INSERT INTO hr.employees (employee_id, first_name, last_name, email, phone_number, hire_date, job_id, salary, manager_id, department_id) VALUES (122, 'Payam', 'Kaufling', 'payam.kaufling@sqltutorial.org', '650.123.3234', '1995-05-01', 19, 7900.00, 100, 5);
INSERT INTO hr.employees (employee_id, first_name, last_name, email, phone_number, hire_date, job_id, salary, manager_id, department_id) VALUES (123, 'Shanta', 'Vollman', 'shanta.vollman@sqltutorial.org', '650.123.4234', '1997-10-10', 19, 6500.00, 100, 5);
INSERT INTO hr.employees (employee_id, first_name, last_name, email, phone_number, hire_date, job_id, salary, manager_id, department_id) VALUES (126, 'Irene', 'Mikkilineni', 'irene.mikkilineni@sqltutorial.org', '650.124.1224', '1998-09-28', 18, 2700.00, 120, 5);
INSERT INTO hr.employees (employee_id, first_name, last_name, email, phone_number, hire_date, job_id, salary, manager_id, department_id) VALUES (145, 'John', 'Russell', 'john.russell@sqltutorial.org', NULL, '1996-10-01', 15, 14000.00, 100, 8);
INSERT INTO hr.employees (employee_id, first_name, last_name, email, phone_number, hire_date, job_id, salary, manager_id, department_id) VALUES (146, 'Karen', 'Partners', 'karen.partners@sqltutorial.org', NULL, '1997-01-05', 15, 13500.00, 100, 8);
INSERT INTO hr.employees (employee_id, first_name, last_name, email, phone_number, hire_date, job_id, salary, manager_id, department_id) VALUES (176, 'Jonathon', 'Taylor', 'jonathon.taylor@sqltutorial.org', NULL, '1998-03-24', 16, 8600.00, 100, 8);
INSERT INTO hr.employees (employee_id, first_name, last_name, email, phone_number, hire_date, job_id, salary, manager_id, department_id) VALUES (177, 'Jack', 'Livingston', 'jack.livingston@sqltutorial.org', NULL, '1998-04-23', 16, 8400.00, 100, 8);
INSERT INTO hr.employees (employee_id, first_name, last_name, email, phone_number, hire_date, job_id, salary, manager_id, department_id) VALUES (178, 'Kimberely', 'Grant', 'kimberely.grant@sqltutorial.org', NULL, '1999-05-24', 16, 7000.00, 100, 8);
INSERT INTO hr.employees (employee_id, first_name, last_name, email, phone_number, hire_date, job_id, salary, manager_id, department_id) VALUES (179, 'Charles', 'Johnson', 'charles.johnson@sqltutorial.org', NULL, '2000-01-04', 16, 6200.00, 100, 8);
INSERT INTO hr.employees (employee_id, first_name, last_name, email, phone_number, hire_date, job_id, salary, manager_id, department_id) VALUES (192, 'Sarah', 'Bell', 'sarah.bell@sqltutorial.org', '650.501.1876', '1996-02-04', 17, 4000.00, 123, 5);
INSERT INTO hr.employees (employee_id, first_name, last_name, email, phone_number, hire_date, job_id, salary, manager_id, department_id) VALUES (193, 'Britney', 'Everett', 'britney.everett@sqltutorial.org', '650.501.2876', '1997-03-03', 17, 3900.00, 123, 5);
INSERT INTO hr.employees (employee_id, first_name, last_name, email, phone_number, hire_date, job_id, salary, manager_id, department_id) VALUES (200, 'Jennifer', 'Whalen', 'jennifer.whalen@sqltutorial.org', '515.123.4444', '1987-09-17', 3, 4400.00, 101, 1);
INSERT INTO hr.employees (employee_id, first_name, last_name, email, phone_number, hire_date, job_id, salary, manager_id, department_id) VALUES (201, 'Michael', 'Hartstein', 'michael.hartstein@sqltutorial.org', '515.123.5555', '1996-02-17', 10, 13000.00, 100, 2);
INSERT INTO hr.employees (employee_id, first_name, last_name, email, phone_number, hire_date, job_id, salary, manager_id, department_id) VALUES (202, 'Pat', 'Fay', 'pat.fay@sqltutorial.org', '603.123.6666', '1997-08-17', 11, 6000.00, 201, 2);
INSERT INTO hr.employees (employee_id, first_name, last_name, email, phone_number, hire_date, job_id, salary, manager_id, department_id) VALUES (203, 'Susan', 'Mavris', 'susan.mavris@sqltutorial.org', '515.123.7777', '1994-06-07', 8, 6500.00, 101, 4);
INSERT INTO hr.employees (employee_id, first_name, last_name, email, phone_number, hire_date, job_id, salary, manager_id, department_id) VALUES (204, 'Hermann', 'Baer', 'hermann.baer@sqltutorial.org', '515.123.8888', '1994-06-07', 12, 10000.00, 101, 7);
INSERT INTO hr.employees (employee_id, first_name, last_name, email, phone_number, hire_date, job_id, salary, manager_id, department_id) VALUES (205, 'Shelley', 'Higgins', 'shelley.higgins@sqltutorial.org', '515.123.8080', '1994-06-07', 2, 12000.00, 101, 11);
INSERT INTO hr.employees (employee_id, first_name, last_name, email, phone_number, hire_date, job_id, salary, manager_id, department_id) VALUES (206, 'William', 'Gietz', 'william.gietz@sqltutorial.org', '515.123.8181', '1994-06-07', 1, 8300.00, 205, 11);
INSERT INTO hr.employees (employee_id, first_name, last_name, email, phone_number, hire_date, job_id, salary, manager_id, department_id) VALUES (318, 'Nancy', 'Davolio', 'nancy.davolio@sqltutorial.gmail', '(206) 555-9857', '1992-05-01', 17, 2000.00, 123, 5);
INSERT INTO hr.employees (employee_id, first_name, last_name, email, phone_number, hire_date, job_id, salary, manager_id, department_id) VALUES (319, 'Andrew', 'Fuller', 'andrew.fuller@sqltutorial.gmail', '(206) 555-9482', '1992-08-14', 17, 2000.00, 123, 5);
INSERT INTO hr.employees (employee_id, first_name, last_name, email, phone_number, hire_date, job_id, salary, manager_id, department_id) VALUES (320, 'Janet', 'Leverling', 'janet.leverling@sqltutorial.gmail', '(206) 555-3412', '1992-04-01', 17, 2000.00, 123, 5);
INSERT INTO hr.employees (employee_id, first_name, last_name, email, phone_number, hire_date, job_id, salary, manager_id, department_id) VALUES (321, 'Margaret', 'Peacock', 'margaret.peacock@sqltutorial.gmail', '(206) 555-8122', '1993-05-03', 17, 2000.00, 123, 5);
INSERT INTO hr.employees (employee_id, first_name, last_name, email, phone_number, hire_date, job_id, salary, manager_id, department_id) VALUES (322, 'Steven', 'Buchanan', 'steven.buchanan@sqltutorial.gmail', '(71) 555-4848', '1993-10-17', 17, 2000.00, 123, 5);
INSERT INTO hr.employees (employee_id, first_name, last_name, email, phone_number, hire_date, job_id, salary, manager_id, department_id) VALUES (323, 'Michael', 'Suyama', 'michael.suyama@sqltutorial.gmail', '(71) 555-7773', '1993-10-17', 17, 2000.00, 123, 5);
INSERT INTO hr.employees (employee_id, first_name, last_name, email, phone_number, hire_date, job_id, salary, manager_id, department_id) VALUES (324, 'Robert', 'King', 'robert.king@sqltutorial.gmail', '(71) 555-5598', '1994-01-02', 17, 2000.00, 123, 5);
INSERT INTO hr.employees (employee_id, first_name, last_name, email, phone_number, hire_date, job_id, salary, manager_id, department_id) VALUES (325, 'Laura', 'Callahan', 'laura.callahan@sqltutorial.gmail', '(206) 555-1189', '1994-03-05', 17, 2000.00, 123, 5);
INSERT INTO hr.employees (employee_id, first_name, last_name, email, phone_number, hire_date, job_id, salary, manager_id, department_id) VALUES (326, 'Anne', 'Dodsworth', 'anne.dodsworth@sqltutorial.gmail', '(71) 555-4444', '1994-11-15', 17, 2000.00, 123, 5);

/* Data for the table dependents */

INSERT INTO hr.dependents (dependent_id, first_name, last_name, relationship, employee_id) VALUES (1, 'Penelope', 'Gietz', 'Child', 206);
INSERT INTO hr.dependents (dependent_id, first_name, last_name, relationship, employee_id) VALUES (2, 'Nick', 'Higgins', 'Child', 205);
INSERT INTO hr.dependents (dependent_id, first_name, last_name, relationship, employee_id) VALUES (3, 'Ed', 'Whalen', 'Child', 200);
INSERT INTO hr.dependents (dependent_id, first_name, last_name, relationship, employee_id) VALUES (4, 'Jennifer', 'King', 'Child', 100);
INSERT INTO hr.dependents (dependent_id, first_name, last_name, relationship, employee_id) VALUES (5, 'Johnny', 'Kochhar', 'Child', 101);
INSERT INTO hr.dependents (dependent_id, first_name, last_name, relationship, employee_id) VALUES (6, 'Bette', 'De Haan', 'Child', 102);
INSERT INTO hr.dependents (dependent_id, first_name, last_name, relationship, employee_id) VALUES (7, 'Grace', 'Faviet', 'Child', 109);
INSERT INTO hr.dependents (dependent_id, first_name, last_name, relationship, employee_id) VALUES (8, 'Matthew', 'Chen', 'Child', 110);
INSERT INTO hr.dependents (dependent_id, first_name, last_name, relationship, employee_id) VALUES (9, 'Joe', 'Sciarra', 'Child', 111);
INSERT INTO hr.dependents (dependent_id, first_name, last_name, relationship, employee_id) VALUES (10, 'Christian', 'Urman', 'Child', 112);
INSERT INTO hr.dependents (dependent_id, first_name, last_name, relationship, employee_id) VALUES (11, 'Zero', 'Popp', 'Child', 113);
INSERT INTO hr.dependents (dependent_id, first_name, last_name, relationship, employee_id) VALUES (12, 'Karl', 'Greenberg', 'Child', 108);
INSERT INTO hr.dependents (dependent_id, first_name, last_name, relationship, employee_id) VALUES (13, 'Uma', 'Mavris', 'Child', 203);
INSERT INTO hr.dependents (dependent_id, first_name, last_name, relationship, employee_id) VALUES (14, 'Vivien', 'Hunold', 'Child', 103);
INSERT INTO hr.dependents (dependent_id, first_name, last_name, relationship, employee_id) VALUES (15, 'Cuba', 'Ernst', 'Child', 104);
INSERT INTO hr.dependents (dependent_id, first_name, last_name, relationship, employee_id) VALUES (16, 'Fred', 'Austin', 'Child', 105);
INSERT INTO hr.dependents (dependent_id, first_name, last_name, relationship, employee_id) VALUES (17, 'Helen', 'Pataballa', 'Child', 106);
INSERT INTO hr.dependents (dependent_id, first_name, last_name, relationship, employee_id) VALUES (18, 'Dan', 'Lorentz', 'Child', 107);
INSERT INTO hr.dependents (dependent_id, first_name, last_name, relationship, employee_id) VALUES (19, 'Bob', 'Hartstein', 'Child', 201);
INSERT INTO hr.dependents (dependent_id, first_name, last_name, relationship, employee_id) VALUES (20, 'Lucille', 'Fay', 'Child', 202);
INSERT INTO hr.dependents (dependent_id, first_name, last_name, relationship, employee_id) VALUES (21, 'Kirsten', 'Baer', 'Child', 204);
INSERT INTO hr.dependents (dependent_id, first_name, last_name, relationship, employee_id) VALUES (22, 'Elvis', 'Khoo', 'Child', 115);
INSERT INTO hr.dependents (dependent_id, first_name, last_name, relationship, employee_id) VALUES (23, 'Sandra', 'Baida', 'Child', 116);
INSERT INTO hr.dependents (dependent_id, first_name, last_name, relationship, employee_id) VALUES (24, 'Cameron', 'Tobias', 'Child', 117);
INSERT INTO hr.dependents (dependent_id, first_name, last_name, relationship, employee_id) VALUES (25, 'Kevin', 'Himuro', 'Child', 118);
INSERT INTO hr.dependents (dependent_id, first_name, last_name, relationship, employee_id) VALUES (26, 'Rip', 'Colmenares', 'Child', 119);
INSERT INTO hr.dependents (dependent_id, first_name, last_name, relationship, employee_id) VALUES (27, 'Julia', 'Raphaely', 'Child', 114);
INSERT INTO hr.dependents (dependent_id, first_name, last_name, relationship, employee_id) VALUES (28, 'Woody', 'Russell', 'Child', 145);
INSERT INTO hr.dependents (dependent_id, first_name, last_name, relationship, employee_id) VALUES (29, 'Alec', 'Partners', 'Child', 146);
INSERT INTO hr.dependents (dependent_id, first_name, last_name, relationship, employee_id) VALUES (30, 'Sandra', 'Taylor', 'Child', 176);
